drive_id,survey,period,local_file
1-l10YyvD66AjaCArnYLru0_w2rjJzYtI_kpvHXf1WfA,SAKERNAS,2024 Agustus,Master_SAK2024_Agustus.xlsx
1-2orWBPOT0_38qmWOluzOBnIO1vwqVWX,SAKERNAS,2023 Agustus,Master_SAK2023_Agustus.xlsx
15fewZUbiRNgRVRZOxDJY_9KjN4f6hXwwkw37h5jgmW0,SAKERNAS,2022 Agustus,Master_SAK2022_Agustus.xlsx
1ac5Y6dyJytBwrN2RSJujtik0kelIkHDZ41BLMocb2cs,SAKERNAS,2021 Agustus,Master_SAK2021_Agustus.xlsx
1wxWQ_NE4reZcfQacNZAjDpejAEoVfFhA,SUSENAS,2023 KP,Master_SUSENAS2023_KP.xlsx
19YipO7D8BBPgWUHr57MIYaS6avAaisSPsJwhHY3q3ys,SUSENAS,2024 Modul,Master_SUSENAS2024_Modul.xlsx
1azOFGpdAONSN2kBf-354yohpRKskDiRRIqmFI5WNzFM,SUSENAS,2024 KOR,Master_SUSENAS2024_KOR.xlsx
1RE3O0jp1Cn_FY4scpjnphq1Vaj__LER8CXUB0C38WH0,SUSENAS,2024 MSBP,Master_SUSENAS2024_MSBP.xlsx
1yiRAImQs6sADaxCX3CIlP50korfUQ0Ho,SUSENAS,2023 KOR,Master_SUSENAS2023_KOR.xlsx
1frMszO26WXDNBu21866XsFM4u27c_zh-,STPIM,2019,Master_STPIM2019.xlsx
104Lby7FrsiBtSSDEVXDs4x7_RRDHaw3p,STPIM,2018,Master_STPIM2018.xlsx
1jgoAOT-avqAd8PkZfR00m_Ko3xMSZpdi,STPIM,2017,Master_STPIM2017.xlsx
1twrH4E2SKe85sypFiZAsgk4-0p2lkV3OOW6FllvQAxo,SPAK,2024,Master_SPAK2024.xlsx
1MkAitjg2Naqaz8tUZ0jg1PY6PmNeq-H6S0LubsVSm-8,KOMUTER,Banjarbakula 2023,Master_Komuter_Banjarbakula2023.xlsx
1LETI-QyOwzSVLsOxCQT7YL1r5khOOXC3l63N-4wk9x8,KOMUTER,Mamminasata 2023,Master_Komuter_Mamminasata2023.xlsx
1WNUGZEMCDhECCscP0S-bxFjQKYqTWgWZnLieWAIHcko,KOMUTER,Patungraya 2023,Master_Komuter_Patungraya2023.xlsx
1eFDl_0YGmkb57Bq8jEsFKhqjruanatLcPgnfpRQvj3Y,KOMUTER,Sarbagita 2023,Master_Komuter_Sarbagita2023.xlsx
1I3heeBN4ZIVzp8u8ulj_j2l0ohbLi5HhfOpy0bEOaZU,KOMUTER,Jabodetabek 2023,Master_Komuter_Jabodetabek2023.xlsx
1UxmAAuEKOg0FpRJapRuHWLw5OLYQ-Xsxk_qW9-nsHfs,KOMUTER,Jabodetabek 2014,Master_Komuter_Jabodetabek2014.xlsx
1pwgpurlOjvyBR2lttOoceooLMV0QWnus41FRISBAUhU,KOMUTER,Jabodetabek 2019,Master_Komuter_Jabodetabek2019.xlsx
1D19TMiefB0Wa9zSJFDv0FMV8xQVAKOcjciNkrqK86gI,IMK,2019,Master_IMK2019.xlsx
1RCjucnOODAypYq_jCHK2TM0E_Pn5fFAxWWWAtAHgm2g,IMK,2022,Master_IMK2022.xlsx
1j5-g_q2hpwlufs3V9ogrOhK0I9OEY2SlO1I47EjZ0Uk,IMK,2023,Master_IMK2023.xlsx
14o_6HMDYIGjrk5gWZCZaZk3A1PgxgOzx,PODES,2021 Kabupaten,Master_PodesKab2021.xlsx
1mxnP_I7iD2EuX0XH7p5z64hOei5Y23SW,PODES,2021 Kecamatan,Master_PodesKec2021.xlsx
14sa0HyhcqQxOOQnv8jvewkyJaAGR6YKe,PODES,2021 Desa,Master_PodesDesa2021.xlsx
1shuv4YYJELu4xJ-seee-OZXUCtEmf8hpm_csqUVWopw,PODES,2024 Desa,Master_PodesDesa2024.xlsx
1BA4Poj2-xK59mR42bIa2bMdM0EoMLe96lvXUtPGbOGc,PODES,2024 Kecamatan,Master_PodesKec2024.xlsx
1y2ukfM5pnXdf7WdgCKJFdlo34apJIbjTvyYCf1sCDsc,PODES,2024 Infrastruktur,Master_PodesInfra2024.xlsx
1otYeKGejji-fv12pX4TaXROfbP1sN8AkqjBUrnEn0HQ,PODES,2024 Terdepan,Master_PodesTerdepan2024.xlsx
12RzTyu24zIikha23aPXOZhYDhnnR0mvXsAzWGwEnbPM,PODES,2024 P2KT,Master_PodesP2KT2024.xlsx
1P8d06UBobur7z90DaYtA51SXbzTJzZNDFaTaRZuPShs,PODES,2024 Terluar,Master_PodesTerluar2024.xlsx
16w1IIwI80JjxP4YhNIeUr9IvWH-o30D-RVG-eScVNBA,ECOM,2024,Master_ECOM2024.xlsx
1s08fdZxw1tJcf2idSx87GESURK9KpLHpVrj1Re4pGW0,ECOM,2023,Master_ECOM2023.xlsx
